[
{
  "model": "admin.logentry",
  "pk": 1,
  "fields": {
    "action_time": "2024-07-31T16:54:19.309Z",
    "user": 1,
    "content_type": 13,
    "object_id": "504026852",
    "object_repr": "@SergeyMi37",
    "action_flag": 2,
    "change_message": "[{\"changed\": {\"fields\": [\"Is admin\"]}}]"
  }
},
{
  "model": "admin.logentry",
  "pk": 2,
  "fields": {
    "action_time": "2024-07-31T19:29:38.009Z",
    "user": 1,
    "content_type": 13,
    "object_id": "887115080",
    "object_repr": "@gu_dm_al",
    "action_flag": 2,
    "change_message": "[{\"changed\": {\"fields\": [\"Is admin\"]}}]"
  }
},
{
  "model": "admin.logentry",
  "pk": 3,
  "fields": {
    "action_time": "2024-08-01T15:36:58.894Z",
    "user": 1,
    "content_type": 13,
    "object_id": "887115080",
    "object_repr": "@gu_dm_al",
    "action_flag": 2,
    "change_message": "[]"
  }
},
{
  "model": "admin.logentry",
  "pk": 4,
  "fields": {
    "action_time": "2024-08-01T15:37:09.978Z",
    "user": 1,
    "content_type": 13,
    "object_id": "5830722797",
    "object_repr": "@MswTele2",
    "action_flag": 2,
    "change_message": "[{\"changed\": {\"fields\": [\"Is blocked bot\"]}}]"
  }
},
{
  "model": "admin.logentry",
  "pk": 5,
  "fields": {
    "action_time": "2024-08-01T15:37:15.644Z",
    "user": 1,
    "content_type": 13,
    "object_id": "5360496138",
    "object_repr": "@nwmber92",
    "action_flag": 2,
    "change_message": "[{\"changed\": {\"fields\": [\"Is admin\"]}}]"
  }
},
{
  "model": "admin.logentry",
  "pk": 6,
  "fields": {
    "action_time": "2024-08-01T15:37:23.069Z",
    "user": 1,
    "content_type": 13,
    "object_id": "856383956",
    "object_repr": "@sntchweb",
    "action_flag": 2,
    "change_message": "[{\"changed\": {\"fields\": [\"Is admin\"]}}]"
  }
},
{
  "model": "admin.logentry",
  "pk": 7,
  "fields": {
    "action_time": "2024-08-01T15:37:29.170Z",
    "user": 1,
    "content_type": 13,
    "object_id": "856383956",
    "object_repr": "@sntchweb",
    "action_flag": 2,
    "change_message": "[]"
  }
},
{
  "model": "admin.logentry",
  "pk": 8,
  "fields": {
    "action_time": "2024-08-01T15:37:33.962Z",
    "user": 1,
    "content_type": 13,
    "object_id": "1225379248",
    "object_repr": "@dmitriy_sergeev10",
    "action_flag": 2,
    "change_message": "[{\"changed\": {\"fields\": [\"Is admin\"]}}]"
  }
},
{
  "model": "admin.logentry",
  "pk": 9,
  "fields": {
    "action_time": "2024-08-01T16:54:00.821Z",
    "user": 1,
    "content_type": 13,
    "object_id": "1235494841",
    "object_repr": "@gra_nat_al",
    "action_flag": 2,
    "change_message": "[{\"changed\": {\"fields\": [\"Is admin\"]}}]"
  }
},
{
  "model": "admin.logentry",
  "pk": 10,
  "fields": {
    "action_time": "2024-08-01T16:59:20.027Z",
    "user": 1,
    "content_type": 13,
    "object_id": "1091562245",
    "object_repr": "@cowboysadboy",
    "action_flag": 2,
    "change_message": "[{\"changed\": {\"fields\": [\"Is admin\"]}}]"
  }
},
{
  "model": "admin.logentry",
  "pk": 11,
  "fields": {
    "action_time": "2024-08-01T17:06:08.316Z",
    "user": 1,
    "content_type": 7,
    "object_id": "2",
    "object_repr": "5 13 * * * (m/h/dM/MY/d) UTC",
    "action_flag": 1,
    "change_message": "[{\"added\": {}}]"
  }
},
{
  "model": "admin.logentry",
  "pk": 12,
  "fields": {
    "action_time": "2024-08-01T17:06:18.200Z",
    "user": 1,
    "content_type": 9,
    "object_id": "2",
    "object_repr": "Напоминание об ежедневке: 5 13 * * * (m/h/dM/MY/d) UTC",
    "action_flag": 1,
    "change_message": "[{\"added\": {}}]"
  }
},
{
  "model": "admin.logentry",
  "pk": 13,
  "fields": {
    "action_time": "2024-08-01T17:40:30.156Z",
    "user": 1,
    "content_type": 9,
    "object_id": "2",
    "object_repr": "Напоминание об ежедневке: 5 13 * * * (m/h/dM/MY/d) UTC",
    "action_flag": 2,
    "change_message": "[{\"changed\": {\"fields\": [\"Positional Arguments\"]}}]"
  }
},
{
  "model": "admin.logentry",
  "pk": 14,
  "fields": {
    "action_time": "2024-08-01T17:43:05.890Z",
    "user": 1,
    "content_type": 7,
    "object_id": "3",
    "object_repr": "50 17 * * * (m/h/dM/MY/d) UTC",
    "action_flag": 1,
    "change_message": "[{\"added\": {}}]"
  }
},
{
  "model": "admin.logentry",
  "pk": 15,
  "fields": {
    "action_time": "2024-08-01T17:45:39.824Z",
    "user": 1,
    "content_type": 9,
    "object_id": "3",
    "object_repr": "Тестирования на себе: 50 17 * * * (m/h/dM/MY/d) UTC",
    "action_flag": 1,
    "change_message": "[{\"added\": {}}]"
  }
},
{
  "model": "admin.logentry",
  "pk": 16,
  "fields": {
    "action_time": "2024-08-01T17:53:42.725Z",
    "user": 1,
    "content_type": 7,
    "object_id": "3",
    "object_repr": "59 17 * * * (m/h/dM/MY/d) UTC",
    "action_flag": 2,
    "change_message": "[{\"changed\": {\"fields\": [\"Minute(s)\"]}}]"
  }
},
{
  "model": "admin.logentry",
  "pk": 17,
  "fields": {
    "action_time": "2024-08-01T17:53:50.137Z",
    "user": 1,
    "content_type": 9,
    "object_id": "3",
    "object_repr": "Тестирования на себе: 59 17 * * * (m/h/dM/MY/d) UTC",
    "action_flag": 2,
    "change_message": "[{\"changed\": {\"fields\": [\"Positional Arguments\"]}}]"
  }
},
{
  "model": "admin.logentry",
  "pk": 18,
  "fields": {
    "action_time": "2024-08-01T17:55:07.651Z",
    "user": 1,
    "content_type": 9,
    "object_id": "3",
    "object_repr": "Тестирования на себе: 59 17 * * * (m/h/dM/MY/d) UTC",
    "action_flag": 2,
    "change_message": "[{\"changed\": {\"fields\": [\"Positional Arguments\"]}}]"
  }
},
{
  "model": "admin.logentry",
  "pk": 19,
  "fields": {
    "action_time": "2024-08-01T18:21:01.342Z",
    "user": 1,
    "content_type": 7,
    "object_id": "4",
    "object_repr": "1 14 * * * (m/h/dM/MY/d) UTC",
    "action_flag": 1,
    "change_message": "[{\"added\": {}}]"
  }
},
{
  "model": "admin.logentry",
  "pk": 20,
  "fields": {
    "action_time": "2024-08-01T18:21:05.637Z",
    "user": 1,
    "content_type": 9,
    "object_id": "4",
    "object_repr": "Сообщение Гусеву Д.А.: 1 14 * * * (m/h/dM/MY/d) UTC",
    "action_flag": 1,
    "change_message": "[{\"added\": {}}]"
  }
},
{
  "model": "admin.logentry",
  "pk": 21,
  "fields": {
    "action_time": "2024-08-01T18:22:40.455Z",
    "user": 1,
    "content_type": 9,
    "object_id": "2",
    "object_repr": "Напоминание об ежедневке: 5 13 * * * (m/h/dM/MY/d) UTC",
    "action_flag": 2,
    "change_message": "[{\"changed\": {\"fields\": [\"Positional Arguments\"]}}]"
  }
},
{
  "model": "admin.logentry",
  "pk": 22,
  "fields": {
    "action_time": "2024-08-01T19:19:50.257Z",
    "user": 1,
    "content_type": 7,
    "object_id": "3",
    "object_repr": "9 17 * * 2 (m/h/dM/MY/d) UTC",
    "action_flag": 2,
    "change_message": "[{\"changed\": {\"fields\": [\"Minute(s)\", \"Day(s) Of The Week\"]}}]"
  }
},
{
  "model": "admin.logentry",
  "pk": 23,
  "fields": {
    "action_time": "2024-08-01T19:20:12.644Z",
    "user": 1,
    "content_type": 9,
    "object_id": "3",
    "object_repr": "Напомнить о бубликах и процентах: 9 17 * * 2 (m/h/dM/MY/d) UTC",
    "action_flag": 2,
    "change_message": "[{\"changed\": {\"fields\": [\"Name\", \"Start Datetime\", \"Positional Arguments\"]}}]"
  }
},
{
  "model": "admin.logentry",
  "pk": 24,
  "fields": {
    "action_time": "2024-08-01T19:20:51.119Z",
    "user": 1,
    "content_type": 9,
    "object_id": "3",
    "object_repr": "Напомнить в среду вечером о бубликах и процентах: 9 17 * * 2 (m/h/dM/MY/d) UTC",
    "action_flag": 2,
    "change_message": "[{\"changed\": {\"fields\": [\"Name\", \"Description\"]}}]"
  }
},
{
  "model": "admin.logentry",
  "pk": 25,
  "fields": {
    "action_time": "2024-08-01T19:22:10.160Z",
    "user": 1,
    "content_type": 7,
    "object_id": "3",
    "object_repr": "9 17 * * 0,2 (m/h/dM/MY/d) UTC",
    "action_flag": 2,
    "change_message": "[{\"changed\": {\"fields\": [\"Day(s) Of The Week\"]}}]"
  }
},
{
  "model": "admin.logentry",
  "pk": 26,
  "fields": {
    "action_time": "2024-08-01T19:22:15.717Z",
    "user": 1,
    "content_type": 9,
    "object_id": "3",
    "object_repr": "Напомнить в среду вечером о бубликах и процентах: 9 17 * * 0,2 (m/h/dM/MY/d) UTC",
    "action_flag": 2,
    "change_message": "[]"
  }
},
{
  "model": "admin.logentry",
  "pk": 27,
  "fields": {
    "action_time": "2024-08-01T19:26:44.187Z",
    "user": 2,
    "content_type": 13,
    "object_id": "1235494841",
    "object_repr": "@gra_nat_al",
    "action_flag": 2,
    "change_message": "[]"
  }
},
{
  "model": "admin.logentry",
  "pk": 28,
  "fields": {
    "action_time": "2024-08-04T18:45:23.949Z",
    "user": 1,
    "content_type": 13,
    "object_id": "1912941969",
    "object_repr": "@Murzabekov12",
    "action_flag": 3,
    "change_message": ""
  }
},
{
  "model": "admin.logentry",
  "pk": 29,
  "fields": {
    "action_time": "2024-08-04T18:46:29.488Z",
    "user": 1,
    "content_type": 13,
    "object_id": "5830722797",
    "object_repr": "@MswTele2",
    "action_flag": 2,
    "change_message": "[]"
  }
},
{
  "model": "admin.logentry",
  "pk": 30,
  "fields": {
    "action_time": "2024-08-04T18:47:42.089Z",
    "user": 1,
    "content_type": 7,
    "object_id": "3",
    "object_repr": "9 17 * * 2,3 (m/h/dM/MY/d) UTC",
    "action_flag": 2,
    "change_message": "[{\"changed\": {\"fields\": [\"Day(s) Of The Week\"]}}]"
  }
},
{
  "model": "admin.logentry",
  "pk": 31,
  "fields": {
    "action_time": "2024-08-05T15:39:21.453Z",
    "user": 1,
    "content_type": 9,
    "object_id": "2",
    "object_repr": "Напоминание об ежедневке: 5 13 * * * (m/h/dM/MY/d) UTC",
    "action_flag": 2,
    "change_message": "[{\"changed\": {\"fields\": [\"Positional Arguments\"]}}]"
  }
},
{
  "model": "admin.logentry",
  "pk": 32,
  "fields": {
    "action_time": "2024-08-05T18:34:45.592Z",
    "user": 1,
    "content_type": 9,
    "object_id": "4",
    "object_repr": "Сообщение Гусеву Д.А.: 1 14 * * * (m/h/dM/MY/d) UTC",
    "action_flag": 2,
    "change_message": "[{\"changed\": {\"fields\": [\"Enabled\"]}}]"
  }
},
{
  "model": "admin.logentry",
  "pk": 33,
  "fields": {
    "action_time": "2024-08-06T17:24:59.342Z",
    "user": 1,
    "content_type": 7,
    "object_id": "3",
    "object_repr": "9 17 * * 3 (m/h/dM/MY/d) UTC",
    "action_flag": 2,
    "change_message": "[{\"changed\": {\"fields\": [\"Day(s) Of The Week\"]}}]"
  }
},
{
  "model": "admin.logentry",
  "pk": 34,
  "fields": {
    "action_time": "2024-08-06T17:25:40.803Z",
    "user": 1,
    "content_type": 9,
    "object_id": "3",
    "object_repr": "Напомнить в среду вечером о бубликах и процентах: 9 17 * * 3 (m/h/dM/MY/d) UTC",
    "action_flag": 2,
    "change_message": "[{\"changed\": {\"fields\": [\"Positional Arguments\"]}}]"
  }
},
{
  "model": "admin.logentry",
  "pk": 35,
  "fields": {
    "action_time": "2024-08-06T17:26:08.627Z",
    "user": 1,
    "content_type": 9,
    "object_id": "4",
    "object_repr": "Сообщение Гусеву Д.А.: 1 14 * * * (m/h/dM/MY/d) UTC",
    "action_flag": 2,
    "change_message": "[{\"changed\": {\"fields\": [\"Positional Arguments\"]}}]"
  }
},
{
  "model": "admin.logentry",
  "pk": 36,
  "fields": {
    "action_time": "2024-08-07T14:54:24.989Z",
    "user": 1,
    "content_type": 13,
    "object_id": "1199724409",
    "object_repr": "@dvorobiev1968",
    "action_flag": 2,
    "change_message": "[{\"changed\": {\"fields\": [\"Is admin\"]}}]"
  }
},
{
  "model": "admin.logentry",
  "pk": 37,
  "fields": {
    "action_time": "2024-08-07T17:32:43.360Z",
    "user": 1,
    "content_type": 8,
    "object_id": "1",
    "object_repr": "every minute",
    "action_flag": 1,
    "change_message": "[{\"added\": {}}]"
  }
},
{
  "model": "admin.logentry",
  "pk": 38,
  "fields": {
    "action_time": "2024-08-07T17:33:45.224Z",
    "user": 1,
    "content_type": 9,
    "object_id": "5",
    "object_repr": "Приглашение: every minute",
    "action_flag": 1,
    "change_message": "[{\"added\": {}}]"
  }
},
{
  "model": "admin.logentry",
  "pk": 39,
  "fields": {
    "action_time": "2024-08-07T17:37:26.521Z",
    "user": 1,
    "content_type": 9,
    "object_id": "5",
    "object_repr": "Приглашение: every minute",
    "action_flag": 2,
    "change_message": "[{\"changed\": {\"fields\": [\"Enabled\", \"Description\", \"Positional Arguments\"]}}]"
  }
},
{
  "model": "admin.logentry",
  "pk": 40,
  "fields": {
    "action_time": "2024-08-07T17:38:05.413Z",
    "user": 1,
    "content_type": 9,
    "object_id": "5",
    "object_repr": "Приглашение: every minute",
    "action_flag": 2,
    "change_message": "[{\"changed\": {\"fields\": [\"Start Datetime\"]}}]"
  }
},
{
  "model": "admin.logentry",
  "pk": 41,
  "fields": {
    "action_time": "2024-08-08T12:43:38.011Z",
    "user": 1,
    "content_type": 13,
    "object_id": "646647576",
    "object_repr": "@EarlDrogan",
    "action_flag": 2,
    "change_message": "[{\"changed\": {\"fields\": [\"Is admin\"]}}]"
  }
},
{
  "model": "admin.logentry",
  "pk": 42,
  "fields": {
    "action_time": "2024-08-08T12:44:25.239Z",
    "user": 1,
    "content_type": 13,
    "object_id": "646647576",
    "object_repr": "@EarlDrogan",
    "action_flag": 2,
    "change_message": "[]"
  }
},
{
  "model": "admin.logentry",
  "pk": 43,
  "fields": {
    "action_time": "2024-08-08T16:07:30.297Z",
    "user": 1,
    "content_type": 9,
    "object_id": "5",
    "object_repr": "Приглашение: every minute",
    "action_flag": 2,
    "change_message": "[{\"changed\": {\"fields\": [\"One-off Task\"]}}]"
  }
},
{
  "model": "admin.logentry",
  "pk": 44,
  "fields": {
    "action_time": "2024-08-08T16:07:46.201Z",
    "user": 1,
    "content_type": 9,
    "object_id": "5",
    "object_repr": "Приглашение: every minute",
    "action_flag": 2,
    "change_message": "[{\"changed\": {\"fields\": [\"Enabled\"]}}]"
  }
},
{
  "model": "admin.logentry",
  "pk": 45,
  "fields": {
    "action_time": "2024-08-08T16:10:56.990Z",
    "user": 1,
    "content_type": 9,
    "object_id": "5",
    "object_repr": "Приглашение: every minute",
    "action_flag": 2,
    "change_message": "[{\"changed\": {\"fields\": [\"One-off Task\", \"Positional Arguments\"]}}]"
  }
},
{
  "model": "admin.logentry",
  "pk": 46,
  "fields": {
    "action_time": "2024-08-08T17:02:31.188Z",
    "user": 1,
    "content_type": 9,
    "object_id": "2",
    "object_repr": "Напоминание об ежедневке для Рейтинга: 5 13 * * * (m/h/dM/MY/d) UTC",
    "action_flag": 2,
    "change_message": "[{\"changed\": {\"fields\": [\"Name\", \"Description\"]}}]"
  }
},
{
  "model": "admin.logentry",
  "pk": 47,
  "fields": {
    "action_time": "2024-08-08T17:03:49.802Z",
    "user": 1,
    "content_type": 7,
    "object_id": "5",
    "object_repr": "5 13 * * * (m/h/dM/MY/d) UTC",
    "action_flag": 1,
    "change_message": "[{\"added\": {}}]"
  }
},
{
  "model": "admin.logentry",
  "pk": 48,
  "fields": {
    "action_time": "2024-08-08T17:05:01.684Z",
    "user": 1,
    "content_type": 9,
    "object_id": "6",
    "object_repr": "Напоминание об ежедневке для ВПР: 5 13 * * * (m/h/dM/MY/d) UTC",
    "action_flag": 1,
    "change_message": "[{\"added\": {}}]"
  }
},
{
  "model": "admin.logentry",
  "pk": 49,
  "fields": {
    "action_time": "2024-08-11T06:03:03.023Z",
    "user": 1,
    "content_type": 7,
    "object_id": "2",
    "object_repr": "5 13 1,2,3,4,5 * * (m/h/dM/MY/d) UTC",
    "action_flag": 2,
    "change_message": "[{\"changed\": {\"fields\": [\"Day(s) Of The Month\"]}}]"
  }
},
{
  "model": "admin.logentry",
  "pk": 50,
  "fields": {
    "action_time": "2024-08-11T06:03:16.902Z",
    "user": 1,
    "content_type": 9,
    "object_id": "2",
    "object_repr": "Напоминание об ежедневке для Рейтинга: 5 13 1,2,3,4,5 * * (m/h/dM/MY/d) UTC",
    "action_flag": 2,
    "change_message": "[]"
  }
},
{
  "model": "admin.logentry",
  "pk": 51,
  "fields": {
    "action_time": "2024-08-11T06:03:58.450Z",
    "user": 1,
    "content_type": 7,
    "object_id": "5",
    "object_repr": "5 13 * * 1,2,3,4,5 (m/h/dM/MY/d) UTC",
    "action_flag": 2,
    "change_message": "[{\"changed\": {\"fields\": [\"Day(s) Of The Week\"]}}]"
  }
},
{
  "model": "admin.logentry",
  "pk": 52,
  "fields": {
    "action_time": "2024-08-11T06:04:01.206Z",
    "user": 1,
    "content_type": 9,
    "object_id": "6",
    "object_repr": "Напоминание об ежедневке для ВПР: 5 13 * * 1,2,3,4,5 (m/h/dM/MY/d) UTC",
    "action_flag": 2,
    "change_message": "[]"
  }
},
{
  "model": "admin.logentry",
  "pk": 53,
  "fields": {
    "action_time": "2024-08-11T06:04:25.916Z",
    "user": 1,
    "content_type": 7,
    "object_id": "4",
    "object_repr": "1 14 * * 1,2,3,4,5 (m/h/dM/MY/d) UTC",
    "action_flag": 2,
    "change_message": "[{\"changed\": {\"fields\": [\"Day(s) Of The Week\"]}}]"
  }
},
{
  "model": "admin.logentry",
  "pk": 54,
  "fields": {
    "action_time": "2024-08-11T06:04:28.680Z",
    "user": 1,
    "content_type": 9,
    "object_id": "4",
    "object_repr": "Сообщение Гусеву Д.А.: 1 14 * * 1,2,3,4,5 (m/h/dM/MY/d) UTC",
    "action_flag": 2,
    "change_message": "[]"
  }
},
{
  "model": "admin.logentry",
  "pk": 55,
  "fields": {
    "action_time": "2024-08-11T06:05:06.398Z",
    "user": 1,
    "content_type": 7,
    "object_id": "2",
    "object_repr": "5 13 * * 1,2,3,4,5 (m/h/dM/MY/d) UTC",
    "action_flag": 2,
    "change_message": "[{\"changed\": {\"fields\": [\"Day(s) Of The Week\", \"Day(s) Of The Month\"]}}]"
  }
},
{
  "model": "admin.logentry",
  "pk": 56,
  "fields": {
    "action_time": "2024-08-11T06:05:09.524Z",
    "user": 1,
    "content_type": 9,
    "object_id": "2",
    "object_repr": "Напоминание об ежедневке для Рейтинга: 5 13 * * 1,2,3,4,5 (m/h/dM/MY/d) UTC",
    "action_flag": 2,
    "change_message": "[]"
  }
},
{
  "model": "admin.logentry",
  "pk": 57,
  "fields": {
    "action_time": "2024-08-11T12:49:21.200Z",
    "user": 1,
    "content_type": 13,
    "object_id": "504026852",
    "object_repr": "@SergeyMi37",
    "action_flag": 2,
    "change_message": "[{\"changed\": {\"fields\": [\"Is superadmin\"]}}]"
  }
},
{
  "model": "admin.logentry",
  "pk": 58,
  "fields": {
    "action_time": "2024-08-11T12:51:39.336Z",
    "user": 1,
    "content_type": 13,
    "object_id": "5830722797",
    "object_repr": "@MswTele2",
    "action_flag": 2,
    "change_message": "[{\"changed\": {\"fields\": [\"Is superadmin\"]}}]"
  }
},
{
  "model": "admin.logentry",
  "pk": 59,
  "fields": {
    "action_time": "2024-08-11T12:52:47.175Z",
    "user": 1,
    "content_type": 13,
    "object_id": "504026852",
    "object_repr": "@SergeyMi37",
    "action_flag": 2,
    "change_message": "[{\"changed\": {\"fields\": [\"Roles\"]}}]"
  }
},
{
  "model": "admin.logentry",
  "pk": 60,
  "fields": {
    "action_time": "2024-08-11T12:53:04.365Z",
    "user": 1,
    "content_type": 13,
    "object_id": "887115080",
    "object_repr": "@gu_dm_al",
    "action_flag": 2,
    "change_message": "[{\"changed\": {\"fields\": [\"Roles\"]}}]"
  }
},
{
  "model": "admin.logentry",
  "pk": 61,
  "fields": {
    "action_time": "2024-08-13T15:49:07.137Z",
    "user": 1,
    "content_type": 13,
    "object_id": "504026852",
    "object_repr": "@SergeyMi37",
    "action_flag": 2,
    "change_message": "[{\"changed\": {\"fields\": [\"Roles\"]}}]"
  }
},
{
  "model": "admin.logentry",
  "pk": 62,
  "fields": {
    "action_time": "2024-08-13T15:49:55.033Z",
    "user": 1,
    "content_type": 13,
    "object_id": "504026852",
    "object_repr": "@SergeyMi37",
    "action_flag": 2,
    "change_message": "[{\"changed\": {\"fields\": [\"Roles\"]}}]"
  }
},
{
  "model": "admin.logentry",
  "pk": 63,
  "fields": {
    "action_time": "2024-08-14T18:57:07.553Z",
    "user": 1,
    "content_type": 13,
    "object_id": "646647576",
    "object_repr": "@EarlDrogan",
    "action_flag": 2,
    "change_message": "[{\"changed\": {\"fields\": [\"Roles\"]}}]"
  }
},
{
  "model": "admin.logentry",
  "pk": 64,
  "fields": {
    "action_time": "2024-08-14T18:57:30.986Z",
    "user": 1,
    "content_type": 13,
    "object_id": "504026852",
    "object_repr": "@SergeyMi37",
    "action_flag": 2,
    "change_message": "[{\"changed\": {\"fields\": [\"Roles\"]}}]"
  }
},
{
  "model": "admin.logentry",
  "pk": 65,
  "fields": {
    "action_time": "2024-08-14T18:58:32.615Z",
    "user": 1,
    "content_type": 13,
    "object_id": "1199724409",
    "object_repr": "@dvorobiev1968",
    "action_flag": 2,
    "change_message": "[{\"changed\": {\"fields\": [\"Roles\"]}}]"
  }
},
{
  "model": "admin.logentry",
  "pk": 66,
  "fields": {
    "action_time": "2024-08-14T18:58:59.955Z",
    "user": 1,
    "content_type": 13,
    "object_id": "1091562245",
    "object_repr": "@cowboysadboy",
    "action_flag": 2,
    "change_message": "[{\"changed\": {\"fields\": [\"Roles\"]}}]"
  }
},
{
  "model": "admin.logentry",
  "pk": 67,
  "fields": {
    "action_time": "2024-08-14T18:59:33.222Z",
    "user": 1,
    "content_type": 13,
    "object_id": "1235494841",
    "object_repr": "@gra_nat_al",
    "action_flag": 2,
    "change_message": "[{\"changed\": {\"fields\": [\"Roles\"]}}]"
  }
},
{
  "model": "admin.logentry",
  "pk": 68,
  "fields": {
    "action_time": "2024-08-14T18:59:40.662Z",
    "user": 1,
    "content_type": 13,
    "object_id": "1225379248",
    "object_repr": "@dmitriy_sergeev10",
    "action_flag": 2,
    "change_message": "[{\"changed\": {\"fields\": [\"Roles\"]}}]"
  }
},
{
  "model": "admin.logentry",
  "pk": 69,
  "fields": {
    "action_time": "2024-08-14T18:59:48.095Z",
    "user": 1,
    "content_type": 13,
    "object_id": "856383956",
    "object_repr": "@sntchweb",
    "action_flag": 2,
    "change_message": "[{\"changed\": {\"fields\": [\"Roles\"]}}]"
  }
},
{
  "model": "admin.logentry",
  "pk": 70,
  "fields": {
    "action_time": "2024-08-14T18:59:58.276Z",
    "user": 1,
    "content_type": 13,
    "object_id": "5360496138",
    "object_repr": "@nwmber92",
    "action_flag": 2,
    "change_message": "[{\"changed\": {\"fields\": [\"Roles\"]}}]"
  }
},
{
  "model": "admin.logentry",
  "pk": 71,
  "fields": {
    "action_time": "2024-08-14T19:00:05.538Z",
    "user": 1,
    "content_type": 13,
    "object_id": "5830722797",
    "object_repr": "@MswTele2",
    "action_flag": 2,
    "change_message": "[{\"changed\": {\"fields\": [\"Roles\"]}}]"
  }
},
{
  "model": "admin.logentry",
  "pk": 72,
  "fields": {
    "action_time": "2024-08-29T18:00:10.786Z",
    "user": 1,
    "content_type": 13,
    "object_id": "467881960",
    "object_repr": "@Evgenija_Sakaly",
    "action_flag": 2,
    "change_message": "[{\"changed\": {\"fields\": [\"Is admin\", \"Roles\"]}}]"
  }
},
{
  "model": "admin.logentry",
  "pk": 73,
  "fields": {
    "action_time": "2024-08-29T18:01:47.845Z",
    "user": 1,
    "content_type": 9,
    "object_id": "2",
    "object_repr": "Напоминание об ежедневке для Рейтинга: 5 13 * * 1,2,3,4,5 (m/h/dM/MY/d) UTC",
    "action_flag": 2,
    "change_message": "[{\"changed\": {\"fields\": [\"Positional Arguments\"]}}]"
  }
},
{
  "model": "auth.user",
  "pk": 1,
  "fields": {
    "password": "pbkdf2_sha256$260000$9ByhJi9ahNEdgXQdpdDeyt$Lq+r8S6vJXBHondR5xYpDWlOxGsPplxj1WoQcRg+148=",
    "last_login": "2024-08-29T17:59:23.944Z",
    "is_superuser": true,
    "username": "gitlab",
    "first_name": "",
    "last_name": "",
    "email": "",
    "is_staff": true,
    "is_active": true,
    "date_joined": "2024-07-31T16:53:32.150Z",
    "groups": [],
    "user_permissions": []
  }
},
{
  "model": "auth.user",
  "pk": 2,
  "fields": {
    "password": "pbkdf2_sha256$260000$lCyjXqpNLCoBg5YWFd9t5k$ONNvCQEX7WKxvvLDCdTl+LnSeMrgAvl2e+RxB8NGeHs=",
    "last_login": "2024-08-01T19:26:12.972Z",
    "is_superuser": true,
    "username": "msw",
    "first_name": "",
    "last_name": "",
    "email": "",
    "is_staff": true,
    "is_active": true,
    "date_joined": "2024-08-01T19:26:03.303Z",
    "groups": [],
    "user_permissions": []
  }
},
{
  "model": "sessions.session",
  "pk": "7bu3j3i2iyjoykfa6fwt3oc828dkei2t",
  "fields": {
    "session_data": ".eJxVjEEOwiAQRe_C2hDGFjq4dN8zkBlgpGpoUtqV8e7apAvd_vfef6lA21rC1vISpqQuCtTpd2OKj1x3kO5Ub7OOc12XifWu6IM2Pc4pP6-H-3dQqJVvLb130hkexLkzkoCzg_E9IWAGZMdoCNgak7xkjJaSQKSUBcEwdU69P9k6ODI:1sZCaX:pRZKTJZ70H0h96aGzWWkrH9UfuyFC7aUVMox9X1n5Nw",
    "expire_date": "2024-08-14T16:54:09.142Z"
  }
},
{
  "model": "sessions.session",
  "pk": "a481sjj9y78xoaay386lmgfcrgr2qs5p",
  "fields": {
    "session_data": ".eJxVjEEOwiAQRe_C2hDGFjq4dN8zkBlgpGpoUtqV8e7apAvd_vfef6lA21rC1vISpqQuCtTpd2OKj1x3kO5Ub7OOc12XifWu6IM2Pc4pP6-H-3dQqJVvLb130hkexLkzkoCzg_E9IWAGZMdoCNgak7xkjJaSQKSUBcEwdU69P9k6ODI:1seJAi:Zl6wjhldpYT8cFRzsUm3k7o98sgXV4QtaD__mhfXExY",
    "expire_date": "2024-08-28T18:56:36.378Z"
  }
},
{
  "model": "sessions.session",
  "pk": "pwy0ibx21ptifbrundla43mgbj8a2xxa",
  "fields": {
    "session_data": ".eJxVjEEOwiAQRe_C2hDGFjq4dN8zkBlgpGpoUtqV8e7apAvd_vfef6lA21rC1vISpqQuCtTpd2OKj1x3kO5Ub7OOc12XifWu6IM2Pc4pP6-H-3dQqJVvLb130hkexLkzkoCzg_E9IWAGZMdoCNgak7xkjJaSQKSUBcEwdU69P9k6ODI:1sjKgY:RjnaeiqsLb_fdauTgWBj3kd9VkY41YlZHx1uUB7tLac",
    "expire_date": "2024-09-11T15:34:14.800Z"
  }
},
{
  "model": "sessions.session",
  "pk": "q1l9pkptt6atz5mux3gkw4pm2tx1zvs7",
  "fields": {
    "session_data": ".eJxVjEEOwiAQRe_C2pB2WgZw6d4zkIEZpGpoUtqV8e7apAvd_vfef6lA21rC1mQJE6uzAnX63SKlh9Qd8J3qbdZprusyRb0r-qBNX2eW5-Vw_w4KtfKtMXIaxbic2XYpQ7SeGLxEnxOKiczODGCpQ0RnRsc0MBrsPfRAg4B6fwAR_zhG:1sZbRF:SdAgl9xczs61DWrU3lm5UXVf5BYPozsH0TMXkEVXEcQ",
    "expire_date": "2024-08-15T19:26:13.179Z"
  }
},
{
  "model": "sessions.session",
  "pk": "ueg0xiqikgxir9ibmlgywrt645nhqdgf",
  "fields": {
    "session_data": ".eJxVjEEOwiAQRe_C2hDGFjq4dN8zkBlgpGpoUtqV8e7apAvd_vfef6lA21rC1vISpqQuCtTpd2OKj1x3kO5Ub7OOc12XifWu6IM2Pc4pP6-H-3dQqJVvLb130hkexLkzkoCzg_E9IWAGZMdoCNgak7xkjJaSQKSUBcEwdU69P9k6ODI:1sd7vA:04cyZaPf2wpvP5aXAk3dAY6u5dAYOPatvMgcGWbZQ7s",
    "expire_date": "2024-08-25T12:43:40.186Z"
  }
},
{
  "model": "sessions.session",
  "pk": "v1mncmt6b9ljnhzp9517t8s9yd49k7sy",
  "fields": {
    "session_data": ".eJxVjEEOwiAQRe_C2hDGFjq4dN8zkBlgpGpoUtqV8e7apAvd_vfef6lA21rC1vISpqQuCtTpd2OKj1x3kO5Ub7OOc12XifWu6IM2Pc4pP6-H-3dQqJVvLb130hkexLkzkoCzg_E9IWAGZMdoCNgak7xkjJaSQKSUBcEwdU69P9k6ODI:1sjjQZ:2b3a2lbKuEC-ZnMXacicrPHFyVYV8qSpWEWGRrqHMdU",
    "expire_date": "2024-09-12T17:59:23.948Z"
  }
},
{
  "model": "sessions.session",
  "pk": "wnni0wf4kxwli3xt0ilvgj7ajv2k3rv1",
  "fields": {
    "session_data": ".eJxVjEEOwiAQRe_C2hDGFjq4dN8zkBlgpGpoUtqV8e7apAvd_vfef6lA21rC1vISpqQuCtTpd2OKj1x3kO5Ub7OOc12XifWu6IM2Pc4pP6-H-3dQqJVvLb130hkexLkzkoCzg_E9IWAGZMdoCNgak7xkjJaSQKSUBcEwdU69P9k6ODI:1sc2Tl:BTtVFSl1z96hFV5XydsBg3_OVyBoK4UjW6d0m7eAy-8",
    "expire_date": "2024-08-22T12:42:53.838Z"
  }
},
{
  "model": "django_celery_beat.intervalschedule",
  "pk": 1,
  "fields": {
    "every": 1,
    "period": "minutes"
  }
},
{
  "model": "django_celery_beat.crontabschedule",
  "pk": 1,
  "fields": {
    "minute": "0",
    "hour": "4",
    "day_of_month": "*",
    "month_of_year": "*",
    "day_of_week": "*",
    "timezone": "UTC"
  }
},
{
  "model": "django_celery_beat.crontabschedule",
  "pk": 2,
  "fields": {
    "minute": "5",
    "hour": "13",
    "day_of_month": "*",
    "month_of_year": "*",
    "day_of_week": "1,2,3,4,5",
    "timezone": "UTC"
  }
},
{
  "model": "django_celery_beat.crontabschedule",
  "pk": 3,
  "fields": {
    "minute": "9",
    "hour": "17",
    "day_of_month": "*",
    "month_of_year": "*",
    "day_of_week": "3",
    "timezone": "UTC"
  }
},
{
  "model": "django_celery_beat.crontabschedule",
  "pk": 4,
  "fields": {
    "minute": "1",
    "hour": "14",
    "day_of_month": "*",
    "month_of_year": "*",
    "day_of_week": "1,2,3,4,5",
    "timezone": "UTC"
  }
},
{
  "model": "django_celery_beat.crontabschedule",
  "pk": 5,
  "fields": {
    "minute": "5",
    "hour": "13",
    "day_of_month": "*",
    "month_of_year": "*",
    "day_of_week": "1,2,3,4,5",
    "timezone": "UTC"
  }
},
{
  "model": "django_celery_beat.periodictasks",
  "pk": 1,
  "fields": {
    "last_update": "2024-08-29T18:01:47.839Z"
  }
},
{
  "model": "django_celery_beat.periodictask",
  "pk": 1,
  "fields": {
    "name": "celery.backend_cleanup",
    "task": "celery.backend_cleanup",
    "interval": null,
    "crontab": 1,
    "solar": null,
    "clocked": null,
    "args": "[]",
    "kwargs": "{}",
    "queue": null,
    "exchange": null,
    "routing_key": null,
    "headers": "{}",
    "priority": null,
    "expires": null,
    "expire_seconds": 43200,
    "one_off": false,
    "start_time": null,
    "enabled": true,
    "last_run_at": "2024-08-29T04:00:00.002Z",
    "total_run_count": 29,
    "date_changed": "2024-08-29T04:02:20.355Z",
    "description": ""
  }
},
{
  "model": "django_celery_beat.periodictask",
  "pk": 2,
  "fields": {
    "name": "Напоминание об ежедневке для Рейтинга",
    "task": "users.tasks.broadcast_message",
    "interval": null,
    "crontab": 2,
    "solar": null,
    "clocked": null,
    "args": "[\r\n[\r\n1235494841,\r\n1225379248,\r\n856383956,\r\n5360496138,\r\n467881960,\r\n1091562245,\r\n504026852\r\n]\r\n,\"Сохраните в табеле ежедневный отчет ---  https://git.lab.nexus/ctz/lab/tabel/-/issues/?sort=updated_desc&state=opened&label_name%5B%5D=Рейтинг&first_page_size=20 --- И проверьте командой /daily_rating\"\r\n]",
    "kwargs": "{}",
    "queue": null,
    "exchange": null,
    "routing_key": null,
    "headers": "{}",
    "priority": null,
    "expires": null,
    "expire_seconds": null,
    "one_off": false,
    "start_time": "2024-08-01T17:04:49Z",
    "enabled": true,
    "last_run_at": "2024-08-29T13:05:00.001Z",
    "total_run_count": 23,
    "date_changed": "2024-08-29T18:01:47.843Z",
    "description": "Напоминание об ежедневке\r\n646647576,EarlDrogan,Earl,Drogan,ru,,False,True\r\n1199724409\r\n\r\n[\r\n[\r\n1235494841,\r\n1225379248,\r\n856383956,\r\n5360496138,\r\n1091562245,\r\n504026852\r\n]\r\n,\"Сохраните в табеле ежедневный отчет ---  https://git.lab.nexus/ctz/lab/tabel/-/issues/?sort=updated_desc&state=opened&label_name%5B%5D=Рейтинг&first_page_size=20 --- И проверьте командой /daily_rating\"\r\n]"
  }
},
{
  "model": "django_celery_beat.periodictask",
  "pk": 3,
  "fields": {
    "name": "Напомнить в среду вечером о бубликах и процентах",
    "task": "users.tasks.broadcast_message",
    "interval": null,
    "crontab": 3,
    "solar": null,
    "clocked": null,
    "args": "[\r\n[\r\n504026852\r\n]\r\n,\"Напомнить о бубликах и процентах. Сохраните в Результата прогресс процентов, из табеля получить ежеднедельный отчет по Рейтингу /weekly_rating\"\r\n]",
    "kwargs": "{}",
    "queue": null,
    "exchange": null,
    "routing_key": null,
    "headers": "{}",
    "priority": null,
    "expires": null,
    "expire_seconds": null,
    "one_off": false,
    "start_time": "2024-08-01T19:20:03Z",
    "enabled": true,
    "last_run_at": "2024-08-28T17:09:00.000Z",
    "total_run_count": 8,
    "date_changed": "2024-08-28T17:10:40.124Z",
    "description": "Напомнить в среду вечером о бубликах и процентах"
  }
},
{
  "model": "django_celery_beat.periodictask",
  "pk": 4,
  "fields": {
    "name": "Сообщение Гусеву Д.А.",
    "task": "users.tasks.broadcast_message",
    "interval": null,
    "crontab": 4,
    "solar": null,
    "clocked": null,
    "args": "[\r\n[\r\n887115080\r\n]\r\n,\"Посмотреть ежедневный отчет для Рейтинга /daily_rating_noname\"\r\n]",
    "kwargs": "{}",
    "queue": null,
    "exchange": null,
    "routing_key": null,
    "headers": "{}",
    "priority": null,
    "expires": null,
    "expire_seconds": null,
    "one_off": false,
    "start_time": "2024-08-01T18:16:52Z",
    "enabled": true,
    "last_run_at": "2024-08-29T14:01:00.000Z",
    "total_run_count": 19,
    "date_changed": "2024-08-29T14:03:05.200Z",
    "description": ""
  }
},
{
  "model": "django_celery_beat.periodictask",
  "pk": 5,
  "fields": {
    "name": "Приглашение",
    "task": "users.tasks.broadcast_message",
    "interval": 1,
    "crontab": null,
    "solar": null,
    "clocked": null,
    "args": "[\r\n[\r\n504026852\r\n]\r\n,\"Администратор Вам добавил возможность формировать отчеты /help\"\r\n]",
    "kwargs": "{}",
    "queue": null,
    "exchange": null,
    "routing_key": null,
    "headers": "{}",
    "priority": null,
    "expires": null,
    "expire_seconds": null,
    "one_off": true,
    "start_time": "2024-08-07T17:39:57Z",
    "enabled": false,
    "last_run_at": null,
    "total_run_count": 0,
    "date_changed": "2024-08-08T16:12:05.589Z",
    "description": "[\r\n[\r\n504026852,\r\n\r\n,\"Вам добавили возможность формировать отчеты /help\"\r\n]"
  }
},
{
  "model": "django_celery_beat.periodictask",
  "pk": 6,
  "fields": {
    "name": "Напоминание об ежедневке для ВПР",
    "task": "users.tasks.broadcast_message",
    "interval": null,
    "crontab": 5,
    "solar": null,
    "clocked": null,
    "args": "[\r\n[\r\n1199724409\r\n]\r\n,\"Сохраните в табеле ежедневный отчет ---  https://git.lab.nexus/ctz/lab/tabel/-/issues/?sort=updated_desc&state=opened&label_name%5B%5D=ВПР&first_page_size=20 --- И проверьте командой /daily_rating\"\r\n]",
    "kwargs": "{}",
    "queue": null,
    "exchange": null,
    "routing_key": null,
    "headers": "{}",
    "priority": null,
    "expires": null,
    "expire_seconds": null,
    "one_off": false,
    "start_time": "2024-08-08T17:03:53Z",
    "enabled": true,
    "last_run_at": "2024-08-29T13:05:00.014Z",
    "total_run_count": 16,
    "date_changed": "2024-08-29T13:06:00.136Z",
    "description": "Напоминание об ежедневке\r\n646647576,EarlDrogan,Earl,Drogan,ru,,False,True\r\n1199724409\r\n\r\n[\r\n[\r\n1235494841,\r\n1225379248,\r\n856383956,\r\n5360496138,\r\n1091562245,\r\n504026852\r\n]\r\n,\"Сохраните в табеле ежедневный отчет ---  https://git.lab.nexus/ctz/lab/tabel/-/issues/?sort=updated_desc&state=opened&label_name%5B%5D=Рейтинг&first_page_size=20 --- И проверьте командой /daily_rating\"\r\n]"
  }
},
{
  "model": "users.user",
  "pk": 467881960,
  "fields": {
    "created_at": "2024-08-29T12:26:25.710Z",
    "updated_at": "2024-08-29T18:00:10.783Z",
    "username": "Evgenija_Sakaly",
    "first_name": "Kanareikaleto",
    "last_name": null,
    "language_code": "en",
    "deep_link": null,
    "is_blocked_bot": false,
    "is_admin": true,
    "is_superadmin": false,
    "roles": "Рейтинг"
  }
},
{
  "model": "users.user",
  "pk": 504026852,
  "fields": {
    "created_at": "2024-07-31T16:38:56.418Z",
    "updated_at": "2024-08-29T14:19:49.323Z",
    "username": "SergeyMi37",
    "first_name": "Сергей",
    "last_name": "Михайленко",
    "language_code": "ru",
    "deep_link": null,
    "is_blocked_bot": false,
    "is_admin": true,
    "is_superadmin": true,
    "roles": "All,Рейтинг,Наука,СУВР,Рубеж"
  }
},
{
  "model": "users.user",
  "pk": 646647576,
  "fields": {
    "created_at": "2024-08-08T08:40:49.247Z",
    "updated_at": "2024-08-21T12:03:37.769Z",
    "username": "EarlDrogan",
    "first_name": "Earl",
    "last_name": "Drogan",
    "language_code": "ru",
    "deep_link": null,
    "is_blocked_bot": false,
    "is_admin": true,
    "is_superadmin": false,
    "roles": "All"
  }
},
{
  "model": "users.user",
  "pk": 856383956,
  "fields": {
    "created_at": "2024-08-01T13:18:50.596Z",
    "updated_at": "2024-08-15T07:49:57.321Z",
    "username": "sntchweb",
    "first_name": "Artem",
    "last_name": null,
    "language_code": "ru",
    "deep_link": null,
    "is_blocked_bot": false,
    "is_admin": true,
    "is_superadmin": false,
    "roles": "Рейтинг"
  }
},
{
  "model": "users.user",
  "pk": 887115080,
  "fields": {
    "created_at": "2024-07-31T19:26:44.067Z",
    "updated_at": "2024-08-29T14:05:38.848Z",
    "username": "gu_dm_al",
    "first_name": "Гусев Дмитрий Альбертович",
    "last_name": null,
    "language_code": "ru",
    "deep_link": null,
    "is_blocked_bot": false,
    "is_admin": true,
    "is_superadmin": false,
    "roles": "All,Рейтинг,ВПР,Наука,СУВР,Рубеж"
  }
},
{
  "model": "users.user",
  "pk": 1091562245,
  "fields": {
    "created_at": "2024-08-01T16:58:03.048Z",
    "updated_at": "2024-08-26T13:16:07.654Z",
    "username": "cowboysadboy",
    "first_name": "Sergey",
    "last_name": "Zmeev",
    "language_code": "ru",
    "deep_link": null,
    "is_blocked_bot": false,
    "is_admin": true,
    "is_superadmin": false,
    "roles": "Рейтинг"
  }
},
{
  "model": "users.user",
  "pk": 1199724409,
  "fields": {
    "created_at": "2024-08-07T09:32:35.135Z",
    "updated_at": "2024-08-14T18:58:32.613Z",
    "username": "dvorobiev1968",
    "first_name": "Dmitry",
    "last_name": "Vorobiev",
    "language_code": "ru",
    "deep_link": null,
    "is_blocked_bot": true,
    "is_admin": true,
    "is_superadmin": false,
    "roles": "All"
  }
},
{
  "model": "users.user",
  "pk": 1225379248,
  "fields": {
    "created_at": "2024-08-01T13:20:42.216Z",
    "updated_at": "2024-08-14T18:59:40.660Z",
    "username": "dmitriy_sergeev10",
    "first_name": "Дмитрий",
    "last_name": "Сергеев",
    "language_code": "ru",
    "deep_link": null,
    "is_blocked_bot": false,
    "is_admin": true,
    "is_superadmin": false,
    "roles": "Рейтинг"
  }
},
{
  "model": "users.user",
  "pk": 1235494841,
  "fields": {
    "created_at": "2024-08-01T16:53:44.831Z",
    "updated_at": "2024-08-14T18:59:33.220Z",
    "username": "gra_nat_al",
    "first_name": "Наталья",
    "last_name": "Грачёва",
    "language_code": "ru",
    "deep_link": null,
    "is_blocked_bot": false,
    "is_admin": true,
    "is_superadmin": false,
    "roles": "Рейтинг"
  }
},
{
  "model": "users.user",
  "pk": 5360496138,
  "fields": {
    "created_at": "2024-08-01T08:22:27.261Z",
    "updated_at": "2024-08-29T12:47:49.207Z",
    "username": "nwmber92",
    "first_name": "Александр",
    "last_name": "Гапеев",
    "language_code": "ru",
    "deep_link": null,
    "is_blocked_bot": false,
    "is_admin": true,
    "is_superadmin": false,
    "roles": "Рейтинг"
  }
},
{
  "model": "users.user",
  "pk": 5830722797,
  "fields": {
    "created_at": "2024-08-01T07:11:01.618Z",
    "updated_at": "2024-08-14T19:00:05.536Z",
    "username": "MswTele2",
    "first_name": "42971",
    "last_name": null,
    "language_code": "ru",
    "deep_link": null,
    "is_blocked_bot": false,
    "is_admin": false,
    "is_superadmin": true,
    "roles": "Рейтинг"
  }
},
{
  "model": "users.location",
  "pk": 1,
  "fields": {
    "created_at": "2024-08-25T08:15:37.474Z",
    "user": 504026852,
    "latitude": 55.052353,
    "longitude": 37.416008
  }
},
{
  "model": "users.location",
  "pk": 2,
  "fields": {
    "created_at": "2024-08-25T16:05:17.546Z",
    "user": 504026852,
    "latitude": 55.592304,
    "longitude": 37.598246
  }
}
]
